bench,layer,T_ref,loop,defected,virtual,serial,disable,redundant
blackscholes,0,308.62,100,0.75,2.125,97.875,0.0,0.0
blackscholes,1,308.62,100,0.75,2.4375,97.5625,0.0,0.0
blackscholes,2,308.62,100,0.75,2.25,97.75,0.0,0.0
blackscholes,3,308.62,100,0.75,2.625,97.375,0.0,0.0
blackscholes,0,309.12,100,0.75,2.0625,97.9375,0.0,0.0
blackscholes,1,309.12,100,0.75,2.1875,97.8125,0.0,0.0
blackscholes,2,309.12,100,0.75,2.25,97.75,0.0,0.0
blackscholes,3,309.12,100,0.5,48.25,51.75,0.0,0.0
blackscholes,0,309.62,100,0.5,47.25,52.75,0.0,0.0
blackscholes,1,309.62,100,0.5,48.375,51.625,0.0,0.0
blackscholes,2,309.62,100,0.5,48.0,52.0,0.0,0.0
blackscholes,3,309.62,100,0.5,48.4375,51.5625,0.0,0.0
blackscholes,0,310.12,100,0.5,48.875,51.125,0.0,0.0
blackscholes,1,310.12,100,0.5,49.0,51.0,0.0,0.0
blackscholes,2,310.12,100,0.5,48.3125,51.6875,0.0,0.0
blackscholes,3,310.12,100,0.5,48.8125,51.1875,0.0,0.0
blackscholes,0,310.62,100,0.5,48.5625,51.4375,0.0,0.0
blackscholes,1,310.62,100,0.5,48.4375,51.5625,0.0,0.0
blackscholes,2,310.62,100,0.5,49.0625,50.9375,0.0,0.0
blackscholes,3,310.62,100,0.5,48.875,51.125,0.0,0.0
blackscholes,0,311.12,100,0.5,48.625,51.375,0.0,0.0
blackscholes,1,311.12,100,0.5,48.5,51.5,0.0,0.0
blackscholes,2,311.12,100,0.5,48.1875,51.8125,0.0,0.0
blackscholes,3,311.12,100,0.5,46.875,53.125,0.0,0.0
blackscholes,0,311.62,100,0.5,47.5,52.5,0.0,0.0
blackscholes,1,311.62,100,0.5,47.875,52.125,0.0,0.0
blackscholes,2,311.62,100,0.5,47.9375,52.0625,0.0,0.0
blackscholes,3,311.62,100,0.5,48.0625,51.9375,0.0,0.0
blackscholes,0,312.12,100,0.5,48.75,51.25,0.0,0.0
blackscholes,1,312.12,100,0.5,49.0,51.0,0.0,0.0
blackscholes,2,312.12,100,0.5,50.875,49.125,0.0,0.0
blackscholes,3,312.12,100,0.5,49.3125,50.6875,0.0,0.0
blackscholes,0,312.62,100,0.5,49.25,50.75,0.0,0.0
blackscholes,1,312.62,100,0.5,48.3125,51.6875,0.0,0.0
blackscholes,2,312.62,100,0.25,97.0625,2.9375,0.0,0.0
blackscholes,3,312.62,100,0.25,97.625,2.375,0.0,0.0
blackscholes,0,313.12,100,0.25,96.75,3.25,0.0,0.0
blackscholes,1,313.12,100,0.25,97.1875,2.8125,0.0,0.0
blackscholes,2,313.12,100,0.25,98.0625,1.9375,0.0,0.0
blackscholes,3,313.12,100,0.25,98.25,1.75,0.0,0.0
blackscholes,0,313.62,100,0.25,97.625,2.375,0.0,0.0
blackscholes,1,313.62,100,0.25,97.75,2.25,0.0,0.0
blackscholes,2,313.62,100,0.25,97.9375,2.0625,0.0,0.0
blackscholes,3,313.62,100,0.25,97.75,2.25,0.0,0.0
blackscholes,0,314.12,100,0.25,97.5,2.5,0.0,0.0
blackscholes,1,314.12,100,0.25,97.6875,2.3125,0.0,0.0
blackscholes,2,314.12,100,0.25,97.5,2.5,0.0,0.0
blackscholes,3,314.12,100,0.25,97.8125,2.1875,0.0,0.0
blackscholes,0,314.62,100,0.25,97.1875,2.8125,0.0,0.0
blackscholes,1,314.62,100,0.25,97.6875,2.3125,0.0,0.0
blackscholes,2,314.62,100,0.25,97.5625,2.4375,0.0,0.0
blackscholes,3,314.62,100,0.25,97.5,2.5,0.0,0.0
blackscholes,0,315.12,100,0.25,97.875,2.125,0.0,0.0
blackscholes,1,315.12,100,0.25,97.5,2.5,0.0,0.0
blackscholes,2,315.12,100,0.25,97.3125,2.6875,0.0,0.0
blackscholes,3,315.12,100,0.25,97.5625,2.4375,0.0,0.0
blackscholes,0,315.62,100,0.25,98.1875,1.8125,0.0,0.0
blackscholes,1,315.62,100,0.25,97.625,2.375,0.0,0.0
blackscholes,2,315.62,100,0.25,97.375,2.625,0.0,0.0
blackscholes,3,315.62,100,0.25,97.875,2.125,0.0,0.0
blackscholes,0,316.12,100,0.25,98.0,2.0,0.0,0.0
blackscholes,1,316.12,100,0.25,98.25,1.75,0.0,0.0
blackscholes,2,316.12,100,0.25,97.75,2.25,0.0,0.0
blackscholes,3,316.12,100,0.25,97.125,2.875,0.0,0.0
blackscholes,0,316.62,100,0.25,97.5,2.5,0.0,0.0
blackscholes,1,316.62,100,0.25,97.5625,2.4375,0.0,0.0
blackscholes,2,316.62,100,0.25,97.1875,2.8125,0.0,0.0
blackscholes,3,316.62,100,0.25,97.8125,2.1875,0.0,0.0
blackscholes,0,317.12,100,0.25,97.8125,2.1875,0.0,0.0
blackscholes,1,317.12,100,0.25,97.375,2.625,0.0,0.0
blackscholes,2,317.12,100,0.25,97.5,2.5,0.0,0.0
blackscholes,3,317.12,100,0.25,97.6875,2.3125,0.0,0.0
blackscholes,0,317.62,100,0.25,97.6875,2.3125,0.0,0.0
blackscholes,1,317.62,100,0.25,97.625,2.375,0.0,0.0
blackscholes,2,317.62,100,0.25,98.25,1.75,0.0,0.0
blackscholes,3,317.62,100,0.25,97.6875,2.3125,0.0,0.0
blackscholes,0,318.12,100,0.25,97.375,2.625,0.0,0.0
blackscholes,1,318.12,100,0.25,97.5625,2.4375,0.0,0.0
blackscholes,2,318.12,100,0.25,97.3125,2.6875,0.0,0.0
blackscholes,3,318.12,100,0.25,97.4375,2.5625,0.0,0.0
blackscholes,0,318.62,100,0.25,97.125,2.875,0.0,0.0
blackscholes,1,318.62,100,0.171875,67.8125,0.9375,0.0,0.0
blackscholes,2,318.62,100,0.0,0.0,0.0,0.0,0.0
blackscholes,3,318.62,100,0.0,0.0,0.0,0.0,0.0
canneal,0,309.98,100,0.75,2.3125,97.6875,0.0,0.0
canneal,1,309.98,100,0.75,2.1875,97.8125,0.0,0.0
canneal,2,309.98,100,0.75,1.8125,98.1875,0.0,0.0
canneal,3,309.98,100,0.5,48.9375,51.0625,0.0,0.0
canneal,0,310.48,100,0.75,2.125,97.875,0.0,0.0
canneal,1,310.48,100,0.75,1.875,98.125,0.0,0.0
canneal,2,310.48,100,0.5,47.875,52.125,0.0,0.0
canneal,3,310.48,100,0.5,47.75,52.25,0.0,0.0
canneal,0,310.98,100,0.65625,13.75,86.25,0.0,0.0
canneal,1,310.98,100,0.5,49.0625,50.9375,0.0,0.0
canneal,2,310.98,100,0.5,49.375,50.625,0.0,0.0
canneal,3,310.98,100,0.5,48.9375,51.0625,0.0,0.0
canneal,0,311.48,100,0.5,49.375,50.625,0.0,0.0
canneal,1,311.48,100,0.5,49.8125,50.1875,0.0,0.0
canneal,2,311.48,100,0.5,49.1875,50.8125,0.0,0.0
canneal,3,311.48,100,0.5,49.1875,50.8125,0.0,0.0
canneal,0,311.98,100,0.5,49.4375,50.5625,0.0,0.0
canneal,1,311.98,100,0.5,47.625,52.375,0.0,0.0
canneal,2,311.98,100,0.5,48.625,51.375,0.0,0.0
canneal,3,311.98,100,0.5,47.875,52.125,0.0,0.0
canneal,0,312.48,100,0.5,48.9375,51.0625,0.0,0.0
canneal,1,312.48,100,0.5,49.5,50.5,0.0,0.0
canneal,2,312.48,100,0.5,49.5,50.5,0.0,0.0
canneal,3,312.48,100,0.5,48.6875,51.3125,0.0,0.0
canneal,0,312.98,100,0.5,48.5625,51.4375,0.0,0.0
canneal,1,312.98,100,0.5,47.6875,52.3125,0.0,0.0
canneal,2,312.98,100,0.5,48.3125,51.6875,0.0,0.0
canneal,3,312.98,100,0.5,49.3125,50.6875,0.0,0.0
canneal,0,313.48,100,0.5,49.625,50.375,0.0,0.0
canneal,1,313.48,100,0.5,48.5625,51.4375,0.0,0.0
canneal,2,313.48,100,0.5,47.9375,52.0625,0.0,0.0
canneal,3,313.48,100,0.25,98.1875,1.8125,0.0,0.0
canneal,0,313.98,100,0.5,47.5625,52.4375,0.0,0.0
canneal,1,313.98,100,0.453125,62.25,37.75,0.0,0.0
canneal,2,313.98,100,0.25,97.4375,2.5625,0.0,0.0
canneal,3,313.98,100,0.25,97.5,2.5,0.0,0.0
canneal,0,314.48,100,0.375,76.0,24.0,0.0,0.0
canneal,1,314.48,100,0.25,98.1875,1.8125,0.0,0.0
canneal,2,314.48,100,0.25,97.625,2.375,0.0,0.0
canneal,3,314.48,100,0.25,96.875,3.125,0.0,0.0
canneal,0,314.98,100,0.25,98.0625,1.9375,0.0,0.0
canneal,1,314.98,100,0.25,97.4375,2.5625,0.0,0.0
canneal,2,314.98,100,0.25,97.9375,2.0625,0.0,0.0
canneal,3,314.98,100,0.25,97.4375,2.5625,0.0,0.0
canneal,0,315.48,100,0.25,97.75,2.25,0.0,0.0
canneal,1,315.48,100,0.25,98.375,1.625,0.0,0.0
canneal,2,315.48,100,0.25,97.0625,2.9375,0.0,0.0
canneal,3,315.48,100,0.25,97.1875,2.8125,0.0,0.0
canneal,0,315.98,100,0.25,97.9375,2.0625,0.0,0.0
canneal,1,315.98,100,0.25,97.9375,2.0625,0.0,0.0
canneal,2,315.98,100,0.25,97.375,2.625,0.0,0.0
canneal,3,315.98,100,0.25,97.9375,2.0625,0.0,0.0
canneal,0,316.48,100,0.25,97.5,2.5,0.0,0.0
canneal,1,316.48,100,0.25,97.625,2.375,0.0,0.0
canneal,2,316.48,100,0.25,97.125,2.875,0.0,0.0
canneal,3,316.48,100,0.25,98.1875,1.8125,0.0,0.0
canneal,0,316.98,100,0.25,97.25,2.75,0.0,0.0
canneal,1,316.98,100,0.25,96.9375,3.0625,0.0,0.0
canneal,2,316.98,100,0.25,97.0,3.0,0.0,0.0
canneal,3,316.98,100,0.25,96.4375,3.5625,0.0,0.0
canneal,0,317.48,100,0.25,97.3125,2.6875,0.0,0.0
canneal,1,317.48,100,0.25,97.9375,2.0625,0.0,0.0
canneal,2,317.48,100,0.25,97.6875,2.3125,0.0,0.0
canneal,3,317.48,100,0.25,98.0625,1.9375,0.0,0.0
canneal,0,317.98,100,0.25,98.0,2.0,0.0,0.0
canneal,1,317.98,100,0.25,97.9375,2.0625,0.0,0.0
canneal,2,317.98,100,0.25,97.9375,2.0625,0.0,0.0
canneal,3,317.98,100,0.25,98.125,1.875,0.0,0.0
canneal,0,318.48,100,0.25,96.9375,3.0625,0.0,0.0
canneal,1,318.48,100,0.25,97.625,2.375,0.0,0.0
canneal,2,318.48,100,0.25,97.25,2.75,0.0,0.0
canneal,3,318.48,100,0.25,97.5625,2.4375,0.0,0.0
canneal,0,318.98,100,0.25,97.6875,2.3125,0.0,0.0
canneal,1,318.98,100,0.25,98.3125,1.6875,0.0,0.0
canneal,2,318.98,100,0.25,97.125,2.875,0.0,0.0
canneal,3,318.98,100,0.25,98.4375,1.5625,0.0,0.0
canneal,0,319.48,100,0.25,96.875,3.125,0.0,0.0
canneal,1,319.48,100,0.25,97.5,2.5,0.0,0.0
canneal,2,319.48,100,0.25,96.9375,3.0625,0.0,0.0
canneal,3,319.48,100,0.0,0.0,0.0,0.0,0.0
canneal,0,319.98,100,0.25,97.5625,2.4375,0.0,0.0
canneal,1,319.98,100,0.234375,92.375,1.375,0.0,0.0
canneal,2,319.98,100,0.0,0.0,0.0,0.0,0.0
canneal,3,319.98,100,0.0,0.0,0.0,0.0,0.0
dedup,0,308.93,100,0.75,2.125,97.875,0.0,0.0
dedup,1,308.93,100,0.75,2.1875,97.8125,0.0,0.0
dedup,2,308.93,100,0.75,2.3125,97.6875,0.0,0.0
dedup,3,308.93,100,0.75,1.8125,98.1875,0.0,0.0
dedup,0,309.43,100,0.75,2.4375,97.5625,0.0,0.0
dedup,1,309.43,100,0.75,1.6875,98.3125,0.0,0.0
dedup,2,309.43,100,0.71875,5.25,94.75,0.0,0.0
dedup,3,309.43,100,0.5,47.25,52.75,0.0,0.0
dedup,0,309.93,100,0.5,49.0625,50.9375,0.0,0.0
dedup,1,309.93,100,0.5,48.8125,51.1875,0.0,0.0
dedup,2,309.93,100,0.5,48.3125,51.6875,0.0,0.0
dedup,3,309.93,100,0.5,47.0,53.0,0.0,0.0
dedup,0,310.43,100,0.5,47.9375,52.0625,0.0,0.0
dedup,1,310.43,100,0.5,48.3125,51.6875,0.0,0.0
dedup,2,310.43,100,0.5,48.6875,51.3125,0.0,0.0
dedup,3,310.43,100,0.5,48.125,51.875,0.0,0.0
dedup,0,310.93,100,0.5,48.625,51.375,0.0,0.0
dedup,1,310.93,100,0.5,48.5625,51.4375,0.0,0.0
dedup,2,310.93,100,0.5,48.5625,51.4375,0.0,0.0
dedup,3,310.93,100,0.5,48.125,51.875,0.0,0.0
dedup,0,311.43,100,0.5,50.25,49.75,0.0,0.0
dedup,1,311.43,100,0.5,48.5625,51.4375,0.0,0.0
dedup,2,311.43,100,0.5,47.875,52.125,0.0,0.0
dedup,3,311.43,100,0.5,47.5625,52.4375,0.0,0.0
dedup,0,311.93,100,0.5,48.875,51.125,0.0,0.0
dedup,1,311.93,100,0.5,48.25,51.75,0.0,0.0
dedup,2,311.93,100,0.5,47.6875,52.3125,0.0,0.0
dedup,3,311.93,100,0.5,48.75,51.25,0.0,0.0
dedup,0,312.43,100,0.5,49.3125,50.6875,0.0,0.0
dedup,1,312.43,100,0.5,48.8125,51.1875,0.0,0.0
dedup,2,312.43,100,0.5,49.1875,50.8125,0.0,0.0
dedup,3,312.43,100,0.5,50.1875,49.8125,0.0,0.0
dedup,0,312.93,100,0.5,49.3125,50.6875,0.0,0.0
dedup,1,312.93,100,0.5,48.5625,51.4375,0.0,0.0
dedup,2,312.93,100,0.25,96.9375,3.0625,0.0,0.0
dedup,3,312.93,100,0.25,97.75,2.25,0.0,0.0
dedup,0,313.43,100,0.25,97.4375,2.5625,0.0,0.0
dedup,1,313.43,100,0.25,97.4375,2.5625,0.0,0.0
dedup,2,313.43,100,0.25,98.125,1.875,0.0,0.0
dedup,3,313.43,100,0.25,97.375,2.625,0.0,0.0
dedup,0,313.93,100,0.25,97.5625,2.4375,0.0,0.0
dedup,1,313.93,100,0.25,97.4375,2.5625,0.0,0.0
dedup,2,313.93,100,0.25,98.1875,1.8125,0.0,0.0
dedup,3,313.93,100,0.25,97.5625,2.4375,0.0,0.0
dedup,0,314.43,100,0.25,98.4375,1.5625,0.0,0.0
dedup,1,314.43,100,0.25,97.25,2.75,0.0,0.0
dedup,2,314.43,100,0.25,97.25,2.75,0.0,0.0
dedup,3,314.43,100,0.25,97.6875,2.3125,0.0,0.0
dedup,0,314.93,100,0.25,97.1875,2.8125,0.0,0.0
dedup,1,314.93,100,0.25,97.375,2.625,0.0,0.0
dedup,2,314.93,100,0.25,96.75,3.25,0.0,0.0
dedup,3,314.93,100,0.25,97.8125,2.1875,0.0,0.0
dedup,0,315.43,100,0.25,97.375,2.625,0.0,0.0
dedup,1,315.43,100,0.25,97.75,2.25,0.0,0.0
dedup,2,315.43,100,0.25,97.625,2.375,0.0,0.0
dedup,3,315.43,100,0.25,98.0,2.0,0.0,0.0
dedup,0,315.93,100,0.25,98.3125,1.6875,0.0,0.0
dedup,1,315.93,100,0.25,97.5625,2.4375,0.0,0.0
dedup,2,315.93,100,0.25,97.3125,2.6875,0.0,0.0
dedup,3,315.93,100,0.25,97.3125,2.6875,0.0,0.0
dedup,0,316.43,100,0.25,97.8125,2.1875,0.0,0.0
dedup,1,316.43,100,0.25,96.5,3.5,0.0,0.0
dedup,2,316.43,100,0.25,97.125,2.875,0.0,0.0
dedup,3,316.43,100,0.25,97.5625,2.4375,0.0,0.0
dedup,0,316.93,100,0.25,97.9375,2.0625,0.0,0.0
dedup,1,316.93,100,0.25,97.5,2.5,0.0,0.0
dedup,2,316.93,100,0.25,97.5,2.5,0.0,0.0
dedup,3,316.93,100,0.25,97.625,2.375,0.0,0.0
dedup,0,317.43,100,0.25,97.3125,2.6875,0.0,0.0
dedup,1,317.43,100,0.25,97.3125,2.6875,0.0,0.0
dedup,2,317.43,100,0.25,97.1875,2.8125,0.0,0.0
dedup,3,317.43,100,0.25,97.75,2.25,0.0,0.0
dedup,0,317.93,100,0.25,97.5,2.5,0.0,0.0
dedup,1,317.93,100,0.25,97.375,2.625,0.0,0.0
dedup,2,317.93,100,0.25,97.5625,2.4375,0.0,0.0
dedup,3,317.93,100,0.25,98.125,1.875,0.0,0.0
dedup,0,318.43,100,0.25,97.1875,2.8125,0.0,0.0
dedup,1,318.43,100,0.25,97.8125,2.1875,0.0,0.0
dedup,2,318.43,100,0.25,98.1875,1.8125,0.0,0.0
dedup,3,318.43,100,0.25,97.0,3.0,0.0,0.0
dedup,0,318.93,100,0.25,97.875,2.125,0.0,0.0
dedup,1,318.93,100,0.21875,85.0625,2.4375,0.0,0.0
dedup,2,318.93,100,0.0,0.0,0.0,0.0,0.0
dedup,3,318.93,100,0.0,0.0,0.0,0.0,0.0
facesim,0,309.12,100,0.75,1.875,98.125,0.0,0.0
facesim,1,309.12,100,0.75,1.8125,98.1875,0.0,0.0
facesim,2,309.12,100,0.75,2.25,97.75,0.0,0.0
facesim,3,309.12,100,0.75,1.3125,98.6875,0.0,0.0
facesim,0,309.62,100,0.75,2.0,98.0,0.0,0.0
facesim,1,309.62,100,0.75,3.0,97.0,0.0,0.0
facesim,2,309.62,100,0.5,48.5625,51.4375,0.0,0.0
facesim,3,309.62,100,0.5,49.375,50.625,0.0,0.0
facesim,0,310.12,100,0.5,49.125,50.875,0.0,0.0
facesim,1,310.12,100,0.5,49.375,50.625,0.0,0.0
facesim,2,310.12,100,0.5,48.3125,51.6875,0.0,0.0
facesim,3,310.12,100,0.5,48.75,51.25,0.0,0.0
facesim,0,310.62,100,0.5,48.75,51.25,0.0,0.0
facesim,1,310.62,100,0.5,48.9375,51.0625,0.0,0.0
facesim,2,310.62,100,0.5,48.1875,51.8125,0.0,0.0
facesim,3,310.62,100,0.5,47.0625,52.9375,0.0,0.0
facesim,0,311.12,100,0.5,49.5625,50.4375,0.0,0.0
facesim,1,311.12,100,0.5,47.5625,52.4375,0.0,0.0
facesim,2,311.12,100,0.5,49.0625,50.9375,0.0,0.0
facesim,3,311.12,100,0.5,48.375,51.625,0.0,0.0
facesim,0,311.62,100,0.5,47.625,52.375,0.0,0.0
facesim,1,311.62,100,0.5,47.625,52.375,0.0,0.0
facesim,2,311.62,100,0.5,50.625,49.375,0.0,0.0
facesim,3,311.62,100,0.5,49.3125,50.6875,0.0,0.0
facesim,0,312.12,100,0.5,48.375,51.625,0.0,0.0
facesim,1,312.12,100,0.5,48.4375,51.5625,0.0,0.0
facesim,2,312.12,100,0.5,49.5,50.5,0.0,0.0
facesim,3,312.12,100,0.5,48.8125,51.1875,0.0,0.0
facesim,0,312.62,100,0.5,49.0625,50.9375,0.0,0.0
facesim,1,312.62,100,0.5,49.25,50.75,0.0,0.0
facesim,2,312.62,100,0.5,48.1875,51.8125,0.0,0.0
facesim,3,312.62,100,0.5,47.25,52.75,0.0,0.0
facesim,0,313.12,100,0.5,49.25,50.75,0.0,0.0
facesim,1,313.12,100,0.5,49.9375,50.0625,0.0,0.0
facesim,2,313.12,100,0.25,98.1875,1.8125,0.0,0.0
facesim,3,313.12,100,0.25,98.0,2.0,0.0,0.0
facesim,0,313.62,100,0.25,97.875,2.125,0.0,0.0
facesim,1,313.62,100,0.25,97.4375,2.5625,0.0,0.0
facesim,2,313.62,100,0.25,97.75,2.25,0.0,0.0
facesim,3,313.62,100,0.25,97.3125,2.6875,0.0,0.0
facesim,0,314.12,100,0.25,97.6875,2.3125,0.0,0.0
facesim,1,314.12,100,0.25,97.5,2.5,0.0,0.0
facesim,2,314.12,100,0.25,97.9375,2.0625,0.0,0.0
facesim,3,314.12,100,0.25,97.375,2.625,0.0,0.0
facesim,0,314.62,100,0.25,98.375,1.625,0.0,0.0
facesim,1,314.62,100,0.25,96.9375,3.0625,0.0,0.0
facesim,2,314.62,100,0.25,97.375,2.625,0.0,0.0
facesim,3,314.62,100,0.25,97.6875,2.3125,0.0,0.0
facesim,0,315.12,100,0.25,96.9375,3.0625,0.0,0.0
facesim,1,315.12,100,0.25,97.4375,2.5625,0.0,0.0
facesim,2,315.12,100,0.25,97.75,2.25,0.0,0.0
facesim,3,315.12,100,0.25,97.0,3.0,0.0,0.0
facesim,0,315.62,100,0.25,97.625,2.375,0.0,0.0
facesim,1,315.62,100,0.25,97.0625,2.9375,0.0,0.0
facesim,2,315.62,100,0.25,97.4375,2.5625,0.0,0.0
facesim,3,315.62,100,0.25,97.5625,2.4375,0.0,0.0
facesim,0,316.12,100,0.25,97.0625,2.9375,0.0,0.0
facesim,1,316.12,100,0.25,97.5,2.5,0.0,0.0
facesim,2,316.12,100,0.25,97.9375,2.0625,0.0,0.0
facesim,3,316.12,100,0.25,97.3125,2.6875,0.0,0.0
facesim,0,316.62,100,0.25,97.25,2.75,0.0,0.0
facesim,1,316.62,100,0.25,97.25,2.75,0.0,0.0
facesim,2,316.62,100,0.25,98.0,2.0,0.0,0.0
facesim,3,316.62,100,0.25,97.875,2.125,0.0,0.0
facesim,0,317.12,100,0.25,98.0625,1.9375,0.0,0.0
facesim,1,317.12,100,0.25,97.3125,2.6875,0.0,0.0
facesim,2,317.12,100,0.25,97.9375,2.0625,0.0,0.0
facesim,3,317.12,100,0.25,97.5,2.5,0.0,0.0
facesim,0,317.62,100,0.25,97.9375,2.0625,0.0,0.0
facesim,1,317.62,100,0.25,97.0625,2.9375,0.0,0.0
facesim,2,317.62,100,0.25,97.8125,2.1875,0.0,0.0
facesim,3,317.62,100,0.25,97.8125,2.1875,0.0,0.0
facesim,0,318.12,100,0.25,97.75,2.25,0.0,0.0
facesim,1,318.12,100,0.25,97.9375,2.0625,0.0,0.0
facesim,2,318.12,100,0.25,97.75,2.25,0.0,0.0
facesim,3,318.12,100,0.25,96.9375,3.0625,0.0,0.0
facesim,0,318.62,100,0.25,97.25,2.75,0.0,0.0
facesim,1,318.62,100,0.25,97.6875,2.3125,0.0,0.0
facesim,2,318.62,100,0.25,97.4375,2.5625,0.0,0.0
facesim,3,318.62,100,0.25,98.4375,1.5625,0.0,0.0
facesim,0,319.12,100,0.25,97.125,2.875,0.0,0.0
facesim,1,319.12,100,0.09375,37.5,0.0,0.0,0.0
facesim,2,319.12,100,0.0,0.0,0.0,0.0,0.0
facesim,3,319.12,100,0.0,0.0,0.0,0.0,0.0
ferret,0,308.78,100,0.75,2.3125,97.6875,0.0,0.0
ferret,1,308.78,100,0.75,1.9375,98.0625,0.0,0.0
ferret,2,308.78,100,0.75,2.25,97.75,0.0,0.0
ferret,3,308.78,100,0.75,2.125,97.875,0.0,0.0
ferret,0,309.28,100,0.75,1.8125,98.1875,0.0,0.0
ferret,1,309.28,100,0.75,2.8125,97.1875,0.0,0.0
ferret,2,309.28,100,0.75,1.6875,98.3125,0.0,0.0
ferret,3,309.28,100,0.5,49.0625,50.9375,0.0,0.0
ferret,0,309.78,100,0.5,48.4375,51.5625,0.0,0.0
ferret,1,309.78,100,0.5,47.4375,52.5625,0.0,0.0
ferret,2,309.78,100,0.5,48.625,51.375,0.0,0.0
ferret,3,309.78,100,0.5,48.75,51.25,0.0,0.0
ferret,0,310.28,100,0.5,47.1875,52.8125,0.0,0.0
ferret,1,310.28,100,0.5,47.75,52.25,0.0,0.0
ferret,2,310.28,100,0.5,49.25,50.75,0.0,0.0
ferret,3,310.28,100,0.5,48.375,51.625,0.0,0.0
ferret,0,310.78,100,0.5,48.5,51.5,0.0,0.0
ferret,1,310.78,100,0.5,49.5625,50.4375,0.0,0.0
ferret,2,310.78,100,0.5,48.0625,51.9375,0.0,0.0
ferret,3,310.78,100,0.5,48.0,52.0,0.0,0.0
ferret,0,311.28,100,0.5,48.75,51.25,0.0,0.0
ferret,1,311.28,100,0.5,49.3125,50.6875,0.0,0.0
ferret,2,311.28,100,0.5,46.9375,53.0625,0.0,0.0
ferret,3,311.28,100,0.5,48.5,51.5,0.0,0.0
ferret,0,311.78,100,0.5,47.6875,52.3125,0.0,0.0
ferret,1,311.78,100,0.5,48.375,51.625,0.0,0.0
ferret,2,311.78,100,0.5,48.875,51.125,0.0,0.0
ferret,3,311.78,100,0.5,48.625,51.375,0.0,0.0
ferret,0,312.28,100,0.5,49.5625,50.4375,0.0,0.0
ferret,1,312.28,100,0.5,50.375,49.625,0.0,0.0
ferret,2,312.28,100,0.5,47.25,52.75,0.0,0.0
ferret,3,312.28,100,0.5,48.1875,51.8125,0.0,0.0
ferret,0,312.78,100,0.5,48.875,51.125,0.0,0.0
ferret,1,312.78,100,0.5,49.5,50.5,0.0,0.0
ferret,2,312.78,100,0.25,97.3125,2.6875,0.0,0.0
ferret,3,312.78,100,0.25,97.3125,2.6875,0.0,0.0
ferret,0,313.28,100,0.25,97.8125,2.1875,0.0,0.0
ferret,1,313.28,100,0.25,97.75,2.25,0.0,0.0
ferret,2,313.28,100,0.25,97.8125,2.1875,0.0,0.0
ferret,3,313.28,100,0.25,97.5,2.5,0.0,0.0
ferret,0,313.78,100,0.25,97.9375,2.0625,0.0,0.0
ferret,1,313.78,100,0.25,97.4375,2.5625,0.0,0.0
ferret,2,313.78,100,0.25,97.5,2.5,0.0,0.0
ferret,3,313.78,100,0.25,97.375,2.625,0.0,0.0
ferret,0,314.28,100,0.25,97.1875,2.8125,0.0,0.0
ferret,1,314.28,100,0.25,97.9375,2.0625,0.0,0.0
ferret,2,314.28,100,0.25,97.625,2.375,0.0,0.0
ferret,3,314.28,100,0.25,97.3125,2.6875,0.0,0.0
ferret,0,314.78,100,0.25,97.75,2.25,0.0,0.0
ferret,1,314.78,100,0.25,97.1875,2.8125,0.0,0.0
ferret,2,314.78,100,0.25,97.75,2.25,0.0,0.0
ferret,3,314.78,100,0.25,96.6875,3.3125,0.0,0.0
ferret,0,315.28,100,0.25,98.0,2.0,0.0,0.0
ferret,1,315.28,100,0.25,97.75,2.25,0.0,0.0
ferret,2,315.28,100,0.25,97.5,2.5,0.0,0.0
ferret,3,315.28,100,0.25,97.6875,2.3125,0.0,0.0
ferret,0,315.78,100,0.25,96.75,3.25,0.0,0.0
ferret,1,315.78,100,0.25,97.0,3.0,0.0,0.0
ferret,2,315.78,100,0.25,97.5625,2.4375,0.0,0.0
ferret,3,315.78,100,0.25,97.3125,2.6875,0.0,0.0
ferret,0,316.28,100,0.25,97.5625,2.4375,0.0,0.0
ferret,1,316.28,100,0.25,97.25,2.75,0.0,0.0
ferret,2,316.28,100,0.25,97.75,2.25,0.0,0.0
ferret,3,316.28,100,0.25,97.6875,2.3125,0.0,0.0
ferret,0,316.78,100,0.25,96.9375,3.0625,0.0,0.0
ferret,1,316.78,100,0.25,97.6875,2.3125,0.0,0.0
ferret,2,316.78,100,0.25,97.1875,2.8125,0.0,0.0
ferret,3,316.78,100,0.25,97.375,2.625,0.0,0.0
ferret,0,317.28,100,0.25,98.1875,1.8125,0.0,0.0
ferret,1,317.28,100,0.25,98.0,2.0,0.0,0.0
ferret,2,317.28,100,0.25,98.0625,1.9375,0.0,0.0
ferret,3,317.28,100,0.25,98.0,2.0,0.0,0.0
ferret,0,317.78,100,0.25,97.75,2.25,0.0,0.0
ferret,1,317.78,100,0.25,97.0,3.0,0.0,0.0
ferret,2,317.78,100,0.25,97.6875,2.3125,0.0,0.0
ferret,3,317.78,100,0.25,97.625,2.375,0.0,0.0
ferret,0,318.28,100,0.25,97.5625,2.4375,0.0,0.0
ferret,1,318.28,100,0.25,97.75,2.25,0.0,0.0
ferret,2,318.28,100,0.25,97.8125,2.1875,0.0,0.0
ferret,3,318.28,100,0.25,96.6875,3.3125,0.0,0.0
ferret,0,318.78,100,0.25,97.8125,2.1875,0.0,0.0
ferret,1,318.78,100,0.15625,61.3125,1.1875,0.0,0.0
ferret,2,318.78,100,0.0,0.0,0.0,0.0,0.0
ferret,3,318.78,100,0.0,0.0,0.0,0.0,0.0
fluidanimate,0,308.63,100,0.75,2.25,97.75,0.0,0.0
fluidanimate,1,308.63,100,0.75,1.4375,98.5625,0.0,0.0
fluidanimate,2,308.63,100,0.75,1.9375,98.0625,0.0,0.0
fluidanimate,3,308.63,100,0.75,2.5625,97.4375,0.0,0.0
fluidanimate,0,309.13,100,0.75,2.1875,97.8125,0.0,0.0
fluidanimate,1,309.13,100,0.75,2.6875,97.3125,0.0,0.0
fluidanimate,2,309.13,100,0.75,2.125,97.875,0.0,0.0
fluidanimate,3,309.13,100,0.5,47.75,52.25,0.0,0.0
fluidanimate,0,309.63,100,0.5,48.375,51.625,0.0,0.0
fluidanimate,1,309.63,100,0.5,50.625,49.375,0.0,0.0
fluidanimate,2,309.63,100,0.5,47.625,52.375,0.0,0.0
fluidanimate,3,309.63,100,0.5,47.0,53.0,0.0,0.0
fluidanimate,0,310.13,100,0.5,49.25,50.75,0.0,0.0
fluidanimate,1,310.13,100,0.5,47.75,52.25,0.0,0.0
fluidanimate,2,310.13,100,0.5,48.25,51.75,0.0,0.0
fluidanimate,3,310.13,100,0.5,49.1875,50.8125,0.0,0.0
fluidanimate,0,310.63,100,0.5,46.625,53.375,0.0,0.0
fluidanimate,1,310.63,100,0.5,48.8125,51.1875,0.0,0.0
fluidanimate,2,310.63,100,0.5,48.0625,51.9375,0.0,0.0
fluidanimate,3,310.63,100,0.5,48.0,52.0,0.0,0.0
fluidanimate,0,311.13,100,0.5,48.25,51.75,0.0,0.0
fluidanimate,1,311.13,100,0.5,47.625,52.375,0.0,0.0
fluidanimate,2,311.13,100,0.5,47.625,52.375,0.0,0.0
fluidanimate,3,311.13,100,0.5,48.875,51.125,0.0,0.0
fluidanimate,0,311.63,100,0.5,48.25,51.75,0.0,0.0
fluidanimate,1,311.63,100,0.5,49.3125,50.6875,0.0,0.0
fluidanimate,2,311.63,100,0.5,46.875,53.125,0.0,0.0
fluidanimate,3,311.63,100,0.5,47.5625,52.4375,0.0,0.0
fluidanimate,0,312.13,100,0.5,48.0625,51.9375,0.0,0.0
fluidanimate,1,312.13,100,0.5,48.25,51.75,0.0,0.0
fluidanimate,2,312.13,100,0.5,49.6875,50.3125,0.0,0.0
fluidanimate,3,312.13,100,0.5,48.875,51.125,0.0,0.0
fluidanimate,0,312.63,100,0.5,49.6875,50.3125,0.0,0.0
fluidanimate,1,312.63,100,0.5,46.875,53.125,0.0,0.0
fluidanimate,2,312.63,100,0.25,97.1875,2.8125,0.0,0.0
fluidanimate,3,312.63,100,0.25,97.9375,2.0625,0.0,0.0
fluidanimate,0,313.13,100,0.25,98.0,2.0,0.0,0.0
fluidanimate,1,313.13,100,0.25,97.5625,2.4375,0.0,0.0
fluidanimate,2,313.13,100,0.25,96.875,3.125,0.0,0.0
fluidanimate,3,313.13,100,0.25,97.5,2.5,0.0,0.0
fluidanimate,0,313.63,100,0.25,98.0625,1.9375,0.0,0.0
fluidanimate,1,313.63,100,0.25,98.0,2.0,0.0,0.0
fluidanimate,2,313.63,100,0.25,97.375,2.625,0.0,0.0
fluidanimate,3,313.63,100,0.25,97.9375,2.0625,0.0,0.0
fluidanimate,0,314.13,100,0.25,97.1875,2.8125,0.0,0.0
fluidanimate,1,314.13,100,0.25,97.6875,2.3125,0.0,0.0
fluidanimate,2,314.13,100,0.25,97.0625,2.9375,0.0,0.0
fluidanimate,3,314.13,100,0.25,98.0625,1.9375,0.0,0.0
fluidanimate,0,314.63,100,0.25,98.0,2.0,0.0,0.0
fluidanimate,1,314.63,100,0.25,97.9375,2.0625,0.0,0.0
fluidanimate,2,314.63,100,0.25,97.4375,2.5625,0.0,0.0
fluidanimate,3,314.63,100,0.25,96.875,3.125,0.0,0.0
fluidanimate,0,315.13,100,0.25,97.625,2.375,0.0,0.0
fluidanimate,1,315.13,100,0.25,98.3125,1.6875,0.0,0.0
fluidanimate,2,315.13,100,0.25,97.5625,2.4375,0.0,0.0
fluidanimate,3,315.13,100,0.25,97.5625,2.4375,0.0,0.0
fluidanimate,0,315.63,100,0.25,97.75,2.25,0.0,0.0
fluidanimate,1,315.63,100,0.25,97.9375,2.0625,0.0,0.0
fluidanimate,2,315.63,100,0.25,97.125,2.875,0.0,0.0
fluidanimate,3,315.63,100,0.25,96.9375,3.0625,0.0,0.0
fluidanimate,0,316.13,100,0.25,97.875,2.125,0.0,0.0
fluidanimate,1,316.13,100,0.25,97.4375,2.5625,0.0,0.0
fluidanimate,2,316.13,100,0.25,97.25,2.75,0.0,0.0
fluidanimate,3,316.13,100,0.25,97.25,2.75,0.0,0.0
fluidanimate,0,316.63,100,0.25,97.625,2.375,0.0,0.0
fluidanimate,1,316.63,100,0.25,97.375,2.625,0.0,0.0
fluidanimate,2,316.63,100,0.25,98.0625,1.9375,0.0,0.0
fluidanimate,3,316.63,100,0.25,97.625,2.375,0.0,0.0
fluidanimate,0,317.13,100,0.25,98.0625,1.9375,0.0,0.0
fluidanimate,1,317.13,100,0.25,97.875,2.125,0.0,0.0
fluidanimate,2,317.13,100,0.25,98.0,2.0,0.0,0.0
fluidanimate,3,317.13,100,0.25,97.5,2.5,0.0,0.0
fluidanimate,0,317.63,100,0.25,97.8125,2.1875,0.0,0.0
fluidanimate,1,317.63,100,0.25,97.4375,2.5625,0.0,0.0
fluidanimate,2,317.63,100,0.25,97.8125,2.1875,0.0,0.0
fluidanimate,3,317.63,100,0.25,97.1875,2.8125,0.0,0.0
fluidanimate,0,318.13,100,0.25,97.5625,2.4375,0.0,0.0
fluidanimate,1,318.13,100,0.25,97.8125,2.1875,0.0,0.0
fluidanimate,2,318.13,100,0.25,97.6875,2.3125,0.0,0.0
fluidanimate,3,318.13,100,0.25,97.4375,2.5625,0.0,0.0
fluidanimate,0,318.63,100,0.25,98.25,1.75,0.0,0.0
fluidanimate,1,318.63,100,0.234375,92.0625,1.6875,0.0,0.0
fluidanimate,2,318.63,100,0.0,0.0,0.0,0.0,0.0
fluidanimate,3,318.63,100,0.0,0.0,0.0,0.0,0.0
swaptions,0,308.52,100,0.75,2.125,97.875,0.0,0.0
swaptions,1,308.52,100,0.75,2.5,97.5,0.0,0.0
swaptions,2,308.52,100,0.75,1.625,98.375,0.0,0.0
swaptions,3,308.52,100,0.75,1.4375,98.5625,0.0,0.0
swaptions,0,309.02,100,0.75,1.8125,98.1875,0.0,0.0
swaptions,1,309.02,100,0.75,2.875,97.125,0.0,0.0
swaptions,2,309.02,100,0.75,2.875,97.125,0.0,0.0
swaptions,3,309.02,100,0.75,2.125,97.875,0.0,0.0
swaptions,0,309.52,100,0.75,1.625,98.375,0.0,0.0
swaptions,1,309.52,100,0.5,48.8125,51.1875,0.0,0.0
swaptions,2,309.52,100,0.5,48.8125,51.1875,0.0,0.0
swaptions,3,309.52,100,0.5,48.9375,51.0625,0.0,0.0
swaptions,0,310.02,100,0.5,47.125,52.875,0.0,0.0
swaptions,1,310.02,100,0.5,49.125,50.875,0.0,0.0
swaptions,2,310.02,100,0.5,49.1875,50.8125,0.0,0.0
swaptions,3,310.02,100,0.5,49.5625,50.4375,0.0,0.0
swaptions,0,310.52,100,0.5,47.1875,52.8125,0.0,0.0
swaptions,1,310.52,100,0.5,49.125,50.875,0.0,0.0
swaptions,2,310.52,100,0.5,48.1875,51.8125,0.0,0.0
swaptions,3,310.52,100,0.5,48.75,51.25,0.0,0.0
swaptions,0,311.02,100,0.5,48.875,51.125,0.0,0.0
swaptions,1,311.02,100,0.5,48.4375,51.5625,0.0,0.0
swaptions,2,311.02,100,0.5,49.9375,50.0625,0.0,0.0
swaptions,3,311.02,100,0.5,48.25,51.75,0.0,0.0
swaptions,0,311.52,100,0.5,47.8125,52.1875,0.0,0.0
swaptions,1,311.52,100,0.5,48.75,51.25,0.0,0.0
swaptions,2,311.52,100,0.5,48.3125,51.6875,0.0,0.0
swaptions,3,311.52,100,0.5,48.5625,51.4375,0.0,0.0
swaptions,0,312.02,100,0.5,47.9375,52.0625,0.0,0.0
swaptions,1,312.02,100,0.5,49.5,50.5,0.0,0.0
swaptions,2,312.02,100,0.5,49.75,50.25,0.0,0.0
swaptions,3,312.02,100,0.5,47.9375,52.0625,0.0,0.0
swaptions,0,312.52,100,0.5,47.3125,52.6875,0.0,0.0
swaptions,1,312.52,100,0.5,47.4375,52.5625,0.0,0.0
swaptions,2,312.52,100,0.5,47.5625,52.4375,0.0,0.0
swaptions,3,312.52,100,0.5,49.1875,50.8125,0.0,0.0
swaptions,0,313.02,100,0.25,98.1875,1.8125,0.0,0.0
swaptions,1,313.02,100,0.25,97.0625,2.9375,0.0,0.0
swaptions,2,313.02,100,0.25,98.5625,1.4375,0.0,0.0
swaptions,3,313.02,100,0.25,97.8125,2.1875,0.0,0.0
swaptions,0,313.52,100,0.25,97.625,2.375,0.0,0.0
swaptions,1,313.52,100,0.25,97.9375,2.0625,0.0,0.0
swaptions,2,313.52,100,0.25,97.75,2.25,0.0,0.0
swaptions,3,313.52,100,0.25,98.0625,1.9375,0.0,0.0
swaptions,0,314.02,100,0.25,97.875,2.125,0.0,0.0
swaptions,1,314.02,100,0.25,97.625,2.375,0.0,0.0
swaptions,2,314.02,100,0.25,97.5625,2.4375,0.0,0.0
swaptions,3,314.02,100,0.25,97.8125,2.1875,0.0,0.0
swaptions,0,314.52,100,0.25,97.6875,2.3125,0.0,0.0
swaptions,1,314.52,100,0.25,96.6875,3.3125,0.0,0.0
swaptions,2,314.52,100,0.25,97.3125,2.6875,0.0,0.0
swaptions,3,314.52,100,0.25,97.4375,2.5625,0.0,0.0
swaptions,0,315.02,100,0.25,98.0,2.0,0.0,0.0
swaptions,1,315.02,100,0.25,96.6875,3.3125,0.0,0.0
swaptions,2,315.02,100,0.25,97.25,2.75,0.0,0.0
swaptions,3,315.02,100,0.25,97.9375,2.0625,0.0,0.0
swaptions,0,315.52,100,0.25,97.375,2.625,0.0,0.0
swaptions,1,315.52,100,0.25,97.5,2.5,0.0,0.0
swaptions,2,315.52,100,0.25,98.3125,1.6875,0.0,0.0
swaptions,3,315.52,100,0.25,97.25,2.75,0.0,0.0
swaptions,0,316.02,100,0.25,97.75,2.25,0.0,0.0
swaptions,1,316.02,100,0.25,97.875,2.125,0.0,0.0
swaptions,2,316.02,100,0.25,97.875,2.125,0.0,0.0
swaptions,3,316.02,100,0.25,97.5,2.5,0.0,0.0
swaptions,0,316.52,100,0.25,97.5625,2.4375,0.0,0.0
swaptions,1,316.52,100,0.25,97.125,2.875,0.0,0.0
swaptions,2,316.52,100,0.25,98.1875,1.8125,0.0,0.0
swaptions,3,316.52,100,0.25,97.9375,2.0625,0.0,0.0
swaptions,0,317.02,100,0.25,97.1875,2.8125,0.0,0.0
swaptions,1,317.02,100,0.25,97.6875,2.3125,0.0,0.0
swaptions,2,317.02,100,0.25,97.6875,2.3125,0.0,0.0
swaptions,3,317.02,100,0.25,96.75,3.25,0.0,0.0
swaptions,0,317.52,100,0.25,97.5,2.5,0.0,0.0
swaptions,1,317.52,100,0.25,97.625,2.375,0.0,0.0
swaptions,2,317.52,100,0.25,98.1875,1.8125,0.0,0.0
swaptions,3,317.52,100,0.25,97.75,2.25,0.0,0.0
swaptions,0,318.02,100,0.25,97.0625,2.9375,0.0,0.0
swaptions,1,318.02,100,0.25,97.125,2.875,0.0,0.0
swaptions,2,318.02,100,0.25,97.8125,2.1875,0.0,0.0
swaptions,3,318.02,100,0.25,97.125,2.875,0.0,0.0
swaptions,0,318.52,100,0.25,97.25,2.75,0.0,0.0
swaptions,1,318.52,100,0.25,97.625,2.375,0.0,0.0
swaptions,2,318.52,100,0.25,97.875,2.125,0.0,0.0
swaptions,3,318.52,100,0.015625,6.25,0.0,0.0,0.0
x264,0,308.72,100,0.75,2.3125,97.6875,0.0,0.0
x264,1,308.72,100,0.75,1.75,98.25,0.0,0.0
x264,2,308.72,100,0.75,2.6875,97.3125,0.0,0.0
x264,3,308.72,100,0.75,1.75,98.25,0.0,0.0
x264,0,309.22,100,0.75,2.3125,97.6875,0.0,0.0
x264,1,309.22,100,0.75,1.6875,98.3125,0.0,0.0
x264,2,309.22,100,0.75,1.8125,98.1875,0.0,0.0
x264,3,309.22,100,0.5,48.6875,51.3125,0.0,0.0
x264,0,309.72,100,0.5,48.3125,51.6875,0.0,0.0
x264,1,309.72,100,0.5,48.5,51.5,0.0,0.0
x264,2,309.72,100,0.5,48.6875,51.3125,0.0,0.0
x264,3,309.72,100,0.5,47.9375,52.0625,0.0,0.0
x264,0,310.22,100,0.5,48.6875,51.3125,0.0,0.0
x264,1,310.22,100,0.5,49.6875,50.3125,0.0,0.0
x264,2,310.22,100,0.5,48.0625,51.9375,0.0,0.0
x264,3,310.22,100,0.5,48.4375,51.5625,0.0,0.0
x264,0,310.72,100,0.5,46.875,53.125,0.0,0.0
x264,1,310.72,100,0.5,48.3125,51.6875,0.0,0.0
x264,2,310.72,100,0.5,49.0,51.0,0.0,0.0
x264,3,310.72,100,0.5,48.0,52.0,0.0,0.0
x264,0,311.22,100,0.5,47.1875,52.8125,0.0,0.0
x264,1,311.22,100,0.5,47.75,52.25,0.0,0.0
x264,2,311.22,100,0.5,48.4375,51.5625,0.0,0.0
x264,3,311.22,100,0.5,48.75,51.25,0.0,0.0
x264,0,311.72,100,0.5,48.5625,51.4375,0.0,0.0
x264,1,311.72,100,0.5,47.75,52.25,0.0,0.0
x264,2,311.72,100,0.5,48.75,51.25,0.0,0.0
x264,3,311.72,100,0.5,46.8125,53.1875,0.0,0.0
x264,0,312.22,100,0.5,48.0625,51.9375,0.0,0.0
x264,1,312.22,100,0.5,47.8125,52.1875,0.0,0.0
x264,2,312.22,100,0.5,48.0,52.0,0.0,0.0
x264,3,312.22,100,0.5,48.5625,51.4375,0.0,0.0
x264,0,312.72,100,0.5,47.3125,52.6875,0.0,0.0
x264,1,312.72,100,0.5,49.8125,50.1875,0.0,0.0
x264,2,312.72,100,0.25,97.3125,2.6875,0.0,0.0
x264,3,312.72,100,0.25,97.6875,2.3125,0.0,0.0
x264,0,313.22,100,0.25,97.5,2.5,0.0,0.0
x264,1,313.22,100,0.25,97.25,2.75,0.0,0.0
x264,2,313.22,100,0.25,97.8125,2.1875,0.0,0.0
x264,3,313.22,100,0.25,98.0625,1.9375,0.0,0.0
x264,0,313.72,100,0.25,97.1875,2.8125,0.0,0.0
x264,1,313.72,100,0.25,97.375,2.625,0.0,0.0
x264,2,313.72,100,0.25,97.375,2.625,0.0,0.0
x264,3,313.72,100,0.25,98.125,1.875,0.0,0.0
x264,0,314.22,100,0.25,97.5625,2.4375,0.0,0.0
x264,1,314.22,100,0.25,97.4375,2.5625,0.0,0.0
x264,2,314.22,100,0.25,98.3125,1.6875,0.0,0.0
x264,3,314.22,100,0.25,97.125,2.875,0.0,0.0
x264,0,314.72,100,0.25,97.625,2.375,0.0,0.0
x264,1,314.72,100,0.25,97.4375,2.5625,0.0,0.0
x264,2,314.72,100,0.25,97.0625,2.9375,0.0,0.0
x264,3,314.72,100,0.25,97.5625,2.4375,0.0,0.0
x264,0,315.22,100,0.25,97.3125,2.6875,0.0,0.0
x264,1,315.22,100,0.25,97.8125,2.1875,0.0,0.0
x264,2,315.22,100,0.25,96.75,3.25,0.0,0.0
x264,3,315.22,100,0.25,97.25,2.75,0.0,0.0
x264,0,315.72,100,0.25,97.3125,2.6875,0.0,0.0
x264,1,315.72,100,0.25,98.3125,1.6875,0.0,0.0
x264,2,315.72,100,0.25,97.4375,2.5625,0.0,0.0
x264,3,315.72,100,0.25,97.5625,2.4375,0.0,0.0
x264,0,316.22,100,0.25,97.4375,2.5625,0.0,0.0
x264,1,316.22,100,0.25,98.0,2.0,0.0,0.0
x264,2,316.22,100,0.25,98.125,1.875,0.0,0.0
x264,3,316.22,100,0.25,97.375,2.625,0.0,0.0
x264,0,316.72,100,0.25,97.4375,2.5625,0.0,0.0
x264,1,316.72,100,0.25,97.625,2.375,0.0,0.0
x264,2,316.72,100,0.25,98.0625,1.9375,0.0,0.0
x264,3,316.72,100,0.25,97.3125,2.6875,0.0,0.0
x264,0,317.22,100,0.25,97.0625,2.9375,0.0,0.0
x264,1,317.22,100,0.25,97.8125,2.1875,0.0,0.0
x264,2,317.22,100,0.25,98.0,2.0,0.0,0.0
x264,3,317.22,100,0.25,97.875,2.125,0.0,0.0
x264,0,317.72,100,0.25,97.4375,2.5625,0.0,0.0
x264,1,317.72,100,0.25,97.5,2.5,0.0,0.0
x264,2,317.72,100,0.25,97.0625,2.9375,0.0,0.0
x264,3,317.72,100,0.25,97.8125,2.1875,0.0,0.0
x264,0,318.22,100,0.25,97.625,2.375,0.0,0.0
x264,1,318.22,100,0.25,97.0625,2.9375,0.0,0.0
x264,2,318.22,100,0.25,97.1875,2.8125,0.0,0.0
x264,3,318.22,100,0.25,97.4375,2.5625,0.0,0.0
x264,0,318.72,100,0.25,97.625,2.375,0.0,0.0
x264,1,318.72,100,0.140625,55.25,1.0,0.0,0.0
x264,2,318.72,100,0.0,0.0,0.0,0.0,0.0
x264,3,318.72,100,0.0,0.0,0.0,0.0,0.0
hp5,0,316.11,100,0.75,2.0,98.0,0.0,0.0
hp5,1,316.11,100,0.71875,2.6875,97.3125,0.0,0.0
hp5,2,316.11,100,0.5,49.9375,50.0625,0.0,0.0
hp5,3,316.11,100,0.5,49.375,50.625,0.0,0.0
hp5,0,316.61,100,0.75,2.25,97.75,0.0,0.0
hp5,1,316.61,100,0.53125,38.5,61.5,0.0,0.0
hp5,2,316.61,100,0.5,47.3125,52.6875,0.0,0.0
hp5,3,316.61,100,0.25,97.6875,2.3125,0.0,0.0
hp5,0,317.11,100,0.6875,4.0625,95.9375,0.0,0.0
hp5,1,317.11,100,0.5,48.25,51.75,0.0,0.0
hp5,2,317.11,100,0.5,47.875,52.125,0.0,0.0
hp5,3,317.11,100,0.25,97.9375,2.0625,0.0,0.0
hp5,0,317.61,100,0.5,48.1875,51.8125,0.0,0.0
hp5,1,317.61,100,0.5,48.875,51.125,0.0,0.0
hp5,2,317.61,100,0.5,48.5,51.5,0.0,0.0
hp5,3,317.61,100,0.25,97.375,2.625,0.0,0.0
hp5,0,318.11,100,0.5,47.6875,52.3125,0.0,0.0
hp5,1,318.11,100,0.5,48.125,51.875,0.0,0.0
hp5,2,318.11,100,0.5,47.8125,52.1875,0.0,0.0
hp5,3,318.11,100,0.25,97.625,2.375,0.0,0.0
hp5,0,318.61,100,0.5,49.0625,50.9375,0.0,0.0
hp5,1,318.61,100,0.5,49.0,51.0,0.0,0.0
hp5,2,318.61,100,0.28125,95.625,4.375,0.0,0.0
hp5,3,318.61,100,0.25,97.25,2.75,0.0,0.0
hp5,0,319.11,100,0.5,48.1875,51.8125,0.0,0.0
hp5,1,319.11,100,0.5,48.5625,51.4375,0.0,0.0
hp5,2,319.11,100,0.25,98.0,2.0,0.0,0.0
hp5,3,319.11,100,0.25,98.0,2.0,0.0,0.0
hp5,0,319.61,100,0.5,48.4375,51.5625,0.0,0.0
hp5,1,319.61,100,0.5,48.5625,51.4375,0.0,0.0
hp5,2,319.61,100,0.25,97.75,2.25,0.0,0.0
hp5,3,319.61,100,0.25,97.5,2.5,0.0,0.0
hp5,0,320.11,100,0.5,49.5625,50.4375,0.0,0.0
hp5,1,320.11,100,0.28125,95.625,4.375,0.0,0.0
hp5,2,320.11,100,0.25,97.5625,2.4375,0.0,0.0
hp5,3,320.11,100,0.25,98.75,1.25,0.0,0.0
hp5,0,320.61,100,0.4375,66.5,33.5,0.0,0.0
hp5,1,320.61,100,0.25,98.3125,1.6875,0.0,0.0
hp5,2,320.61,100,0.25,97.6875,2.3125,0.0,0.0
hp5,3,320.61,100,0.25,97.0625,2.9375,0.0,0.0
hp5,0,321.11,100,0.28125,96.25,3.75,0.0,0.0
hp5,1,321.11,100,0.25,97.3125,2.6875,0.0,0.0
hp5,2,321.11,100,0.25,97.75,2.25,0.0,0.0
hp5,3,321.11,100,0.25,97.875,2.125,0.0,0.0
hp5,0,321.61,100,0.25,98.375,1.625,0.0,0.0
hp5,1,321.61,100,0.25,97.375,2.625,0.0,0.0
hp5,2,321.61,100,0.25,98.1875,1.8125,0.0,0.0
hp5,3,321.61,100,0.25,97.625,2.375,0.0,0.0
hp5,0,322.11,100,0.25,97.5,2.5,0.0,0.0
hp5,1,322.11,100,0.25,97.125,2.875,0.0,0.0
hp5,2,322.11,100,0.25,97.0625,2.9375,0.0,0.0
hp5,3,322.11,100,0.25,98.3125,1.6875,0.0,0.0
hp5,0,322.61,100,0.25,97.3125,2.6875,0.0,0.0
hp5,1,322.61,100,0.25,98.1875,1.8125,0.0,0.0
hp5,2,322.61,100,0.25,96.9375,3.0625,0.0,0.0
hp5,3,322.61,100,0.03125,12.5,0.0,0.0,0.0
hp5,0,323.11,100,0.25,97.5625,2.4375,0.0,0.0
hp5,1,323.11,100,0.25,97.6875,2.3125,0.0,0.0
hp5,2,323.11,100,0.25,97.25,2.75,0.0,0.0
hp5,3,323.11,100,0.0,0.0,0.0,0.0,0.0
hp5,0,323.61,100,0.25,96.875,3.125,0.0,0.0
hp5,1,323.61,100,0.25,97.75,2.25,0.0,0.0
hp5,2,323.61,100,0.25,98.0,2.0,0.0,0.0
hp5,3,323.61,100,0.0,0.0,0.0,0.0,0.0
hp5,0,324.11,100,0.25,97.4375,2.5625,0.0,0.0
hp5,1,324.11,100,0.25,97.0625,2.9375,0.0,0.0
hp5,2,324.11,100,0.25,97.8125,2.1875,0.0,0.0
hp5,3,324.11,100,0.0,0.0,0.0,0.0,0.0
hp5,0,324.61,100,0.25,97.4375,2.5625,0.0,0.0
hp5,1,324.61,100,0.25,97.375,2.625,0.0,0.0
hp5,2,324.61,100,0.0625,25.0,0.0,0.0,0.0
hp5,3,324.61,100,0.0,0.0,0.0,0.0,0.0
hp5,0,325.11,100,0.25,97.8125,2.1875,0.0,0.0
hp5,1,325.11,100,0.25,97.8125,2.1875,0.0,0.0
hp5,2,325.11,100,0.0,0.0,0.0,0.0,0.0
hp5,3,325.11,100,0.0,0.0,0.0,0.0,0.0
hp5,0,325.61,100,0.25,97.6875,2.3125,0.0,0.0
hp5,1,325.61,100,0.25,97.5625,2.4375,0.0,0.0
hp5,2,325.61,100,0.0,0.0,0.0,0.0,0.0
hp5,3,325.61,100,0.0,0.0,0.0,0.0,0.0
hp5,0,326.11,100,0.25,98.4375,1.5625,0.0,0.0
hp5,1,326.11,100,0.125,50.0,0.0,0.0,0.0
hp5,2,326.11,100,0.0,0.0,0.0,0.0,0.0
hp5,3,326.11,100,0.0,0.0,0.0,0.0,0.0
hp10,0,313.29,100,0.75,1.9375,98.0625,0.0,0.0
hp10,1,313.29,100,0.75,2.625,97.375,0.0,0.0
hp10,2,313.29,100,0.5,49.125,50.875,0.0,0.0
hp10,3,313.29,100,0.5,46.9375,53.0625,0.0,0.0
hp10,0,313.79,100,0.75,1.875,98.125,0.0,0.0
hp10,1,313.79,100,0.625,14.9375,85.0625,0.0,0.0
hp10,2,313.79,100,0.5,49.4375,50.5625,0.0,0.0
hp10,3,313.79,100,0.5,48.3125,51.6875,0.0,0.0
hp10,0,314.29,100,0.6875,3.375,96.625,0.0,0.0
hp10,1,314.29,100,0.5,47.5625,52.4375,0.0,0.0
hp10,2,314.29,100,0.5,48.1875,51.8125,0.0,0.0
hp10,3,314.29,100,0.5,48.3125,51.6875,0.0,0.0
hp10,0,314.79,100,0.53125,38.0,62.0,0.0,0.0
hp10,1,314.79,100,0.5,47.3125,52.6875,0.0,0.0
hp10,2,314.79,100,0.5,48.4375,51.5625,0.0,0.0
hp10,3,314.79,100,0.46875,58.0625,41.9375,0.0,0.0
hp10,0,315.29,100,0.5,48.9375,51.0625,0.0,0.0
hp10,1,315.29,100,0.5,48.375,51.625,0.0,0.0
hp10,2,315.29,100,0.5,46.8125,53.1875,0.0,0.0
hp10,3,315.29,100,0.25,98.125,1.875,0.0,0.0
hp10,0,315.79,100,0.5,49.3125,50.6875,0.0,0.0
hp10,1,315.79,100,0.5,47.875,52.125,0.0,0.0
hp10,2,315.79,100,0.5,48.375,51.625,0.0,0.0
hp10,3,315.79,100,0.25,97.4375,2.5625,0.0,0.0
hp10,0,316.29,100,0.5,49.5,50.5,0.0,0.0
hp10,1,316.29,100,0.5,48.875,51.125,0.0,0.0
hp10,2,316.29,100,0.34375,87.875,12.125,0.0,0.0
hp10,3,316.29,100,0.25,97.1875,2.8125,0.0,0.0
hp10,0,316.79,100,0.5,49.4375,50.5625,0.0,0.0
hp10,1,316.79,100,0.5,47.6875,52.3125,0.0,0.0
hp10,2,316.79,100,0.25,97.3125,2.6875,0.0,0.0
hp10,3,316.79,100,0.25,97.375,2.625,0.0,0.0
hp10,0,317.29,100,0.5,48.125,51.875,0.0,0.0
hp10,1,317.29,100,0.375,80.6875,19.3125,0.0,0.0
hp10,2,317.29,100,0.25,98.1875,1.8125,0.0,0.0
hp10,3,317.29,100,0.25,97.75,2.25,0.0,0.0
hp10,0,317.79,100,0.4375,65.9375,34.0625,0.0,0.0
hp10,1,317.79,100,0.25,97.4375,2.5625,0.0,0.0
hp10,2,317.79,100,0.25,97.5,2.5,0.0,0.0
hp10,3,317.79,100,0.25,97.1875,2.8125,0.0,0.0
hp10,0,318.29,100,0.28125,96.1875,3.8125,0.0,0.0
hp10,1,318.29,100,0.25,97.1875,2.8125,0.0,0.0
hp10,2,318.29,100,0.25,97.4375,2.5625,0.0,0.0
hp10,3,318.29,100,0.25,97.875,2.125,0.0,0.0
hp10,0,318.79,100,0.25,97.5625,2.4375,0.0,0.0
hp10,1,318.79,100,0.25,96.9375,3.0625,0.0,0.0
hp10,2,318.79,100,0.25,97.6875,2.3125,0.0,0.0
hp10,3,318.79,100,0.25,97.625,2.375,0.0,0.0
hp10,0,319.29,100,0.25,97.3125,2.6875,0.0,0.0
hp10,1,319.29,100,0.25,97.9375,2.0625,0.0,0.0
hp10,2,319.29,100,0.25,97.8125,2.1875,0.0,0.0
hp10,3,319.29,100,0.25,97.125,2.875,0.0,0.0
hp10,0,319.79,100,0.25,97.3125,2.6875,0.0,0.0
hp10,1,319.79,100,0.25,97.625,2.375,0.0,0.0
hp10,2,319.79,100,0.25,97.875,2.125,0.0,0.0
hp10,3,319.79,100,0.25,97.5625,2.4375,0.0,0.0
hp10,0,320.29,100,0.25,97.5,2.5,0.0,0.0
hp10,1,320.29,100,0.25,98.0,2.0,0.0,0.0
hp10,2,320.29,100,0.25,97.875,2.125,0.0,0.0
hp10,3,320.29,100,0.25,97.3125,2.6875,0.0,0.0
hp10,0,320.79,100,0.25,98.0,2.0,0.0,0.0
hp10,1,320.79,100,0.25,97.125,2.875,0.0,0.0
hp10,2,320.79,100,0.25,98.0625,1.9375,0.0,0.0
hp10,3,320.79,100,0.25,97.125,2.875,0.0,0.0
hp10,0,321.29,100,0.25,97.5625,2.4375,0.0,0.0
hp10,1,321.29,100,0.25,97.5,2.5,0.0,0.0
hp10,2,321.29,100,0.25,97.625,2.375,0.0,0.0
hp10,3,321.29,100,0.0,0.0,0.0,0.0,0.0
hp10,0,321.79,100,0.25,97.5,2.5,0.0,0.0
hp10,1,321.79,100,0.25,97.5625,2.4375,0.0,0.0
hp10,2,321.79,100,0.25,98.0,2.0,0.0,0.0
hp10,3,321.79,100,0.0,0.0,0.0,0.0,0.0
hp10,0,322.29,100,0.25,97.9375,2.0625,0.0,0.0
hp10,1,322.29,100,0.25,97.0,3.0,0.0,0.0
hp10,2,322.29,100,0.1875,74.9375,0.0625,0.0,0.0
hp10,3,322.29,100,0.0,0.0,0.0,0.0,0.0
hp10,0,322.79,100,0.25,97.875,2.125,0.0,0.0
hp10,1,322.79,100,0.25,97.75,2.25,0.0,0.0
hp10,2,322.79,100,0.0,0.0,0.0,0.0,0.0
hp10,3,322.79,100,0.0,0.0,0.0,0.0,0.0
hp10,0,323.29,100,0.25,97.5625,2.4375,0.0,0.0
hp10,1,323.29,100,0.21875,86.8125,0.6875,0.0,0.0
hp10,2,323.29,100,0.0,0.0,0.0,0.0,0.0
hp10,3,323.29,100,0.0,0.0,0.0,0.0,0.0
mat,0,314.48,100,0.78125,1.4375,89.75,8.8125,0.0
mat,1,314.48,100,0.734375,2.5625,97.4375,0.0,0.0
mat,2,314.48,100,0.5,48.375,51.625,0.0,0.0
mat,3,314.48,100,0.5,48.75,51.25,0.0,0.0
mat,0,314.98,100,0.75,2.125,97.875,0.0,0.0
mat,1,314.98,100,0.609375,25.75,74.25,0.0,0.0
mat,2,314.98,100,0.5,47.75,52.25,0.0,0.0
mat,3,314.98,100,0.28125,91.625,8.375,0.0,0.0
mat,0,315.48,100,0.75,1.8125,98.1875,0.0,0.0
mat,1,315.48,100,0.5,47.1875,52.8125,0.0,0.0
mat,2,315.48,100,0.5,47.8125,52.1875,0.0,0.0
mat,3,315.48,100,0.25,97.875,2.125,0.0,0.0
mat,0,315.98,100,0.703125,7.0625,92.9375,0.0,0.0
mat,1,315.98,100,0.5,50.3125,49.6875,0.0,0.0
mat,2,315.98,100,0.5,49.1875,50.8125,0.0,0.0
mat,3,315.98,100,0.25,97.25,2.75,0.0,0.0
mat,0,316.48,100,0.609375,22.25,77.75,0.0,0.0
mat,1,316.48,100,0.5,47.125,52.875,0.0,0.0
mat,2,316.48,100,0.5,48.1875,51.8125,0.0,0.0
mat,3,316.48,100,0.25,97.375,2.625,0.0,0.0
mat,0,316.98,100,0.515625,45.9375,54.0625,0.0,0.0
mat,1,316.98,100,0.5,47.25,52.75,0.0,0.0
mat,2,316.98,100,0.375,76.125,23.875,0.0,0.0
mat,3,316.98,100,0.25,98.375,1.625,0.0,0.0
mat,0,317.48,100,0.5,47.875,52.125,0.0,0.0
mat,1,317.48,100,0.5,47.125,52.875,0.0,0.0
mat,2,317.48,100,0.25,98.0625,1.9375,0.0,0.0
mat,3,317.48,100,0.25,97.125,2.875,0.0,0.0
mat,0,317.98,100,0.5,48.5625,51.4375,0.0,0.0
mat,1,317.98,100,0.484375,52.625,47.375,0.0,0.0
mat,2,317.98,100,0.25,97.125,2.875,0.0,0.0
mat,3,317.98,100,0.25,97.9375,2.0625,0.0,0.0
mat,0,318.48,100,0.5,49.8125,50.1875,0.0,0.0
mat,1,318.48,100,0.359375,78.75,21.25,0.0,0.0
mat,2,318.48,100,0.25,97.5,2.5,0.0,0.0
mat,3,318.48,100,0.25,98.0,2.0,0.0,0.0
mat,0,318.98,100,0.5,49.1875,50.8125,0.0,0.0
mat,1,318.98,100,0.25,97.0625,2.9375,0.0,0.0
mat,2,318.98,100,0.25,97.5,2.5,0.0,0.0
mat,3,318.98,100,0.25,98.125,1.875,0.0,0.0
mat,0,319.48,100,0.453125,61.4375,38.5625,0.0,0.0
mat,1,319.48,100,0.25,97.25,2.75,0.0,0.0
mat,2,319.48,100,0.25,97.875,2.125,0.0,0.0
mat,3,319.48,100,0.25,97.0625,2.9375,0.0,0.0
mat,0,319.98,100,0.375,77.25,22.75,0.0,0.0
mat,1,319.98,100,0.25,97.25,2.75,0.0,0.0
mat,2,319.98,100,0.25,96.9375,3.0625,0.0,0.0
mat,3,319.98,100,0.25,96.75,3.25,0.0,0.0
mat,0,320.48,100,0.28125,92.3125,7.6875,0.0,0.0
mat,1,320.48,100,0.25,97.3125,2.6875,0.0,0.0
mat,2,320.48,100,0.25,97.625,2.375,0.0,0.0
mat,3,320.48,100,0.25,97.75,2.25,0.0,0.0
mat,0,320.98,100,0.25,97.9375,2.0625,0.0,0.0
mat,1,320.98,100,0.25,98.125,1.875,0.0,0.0
mat,2,320.98,100,0.25,97.9375,2.0625,0.0,0.0
mat,3,320.98,100,0.09375,37.1875,0.3125,0.0,0.0
mat,0,321.48,100,0.25,97.5,2.5,0.0,0.0
mat,1,321.48,100,0.25,97.3125,2.6875,0.0,0.0
mat,2,321.48,100,0.25,97.4375,2.5625,0.0,0.0
mat,3,321.48,100,0.0,0.0,0.0,0.0,0.0
mat,0,321.98,100,0.25,97.8125,2.1875,0.0,0.0
mat,1,321.98,100,0.25,97.3125,2.6875,0.0,0.0
mat,2,321.98,100,0.25,97.4375,2.5625,0.0,0.0
mat,3,321.98,100,0.0,0.0,0.0,0.0,0.0
mat,0,322.48,100,0.25,97.0625,2.9375,0.0,0.0
mat,1,322.48,100,0.25,97.6875,2.3125,0.0,0.0
mat,2,322.48,100,0.25,97.75,2.25,0.0,0.0
mat,3,322.48,100,0.0,0.0,0.0,0.0,0.0
mat,0,322.98,100,0.25,97.8125,2.1875,0.0,0.0
mat,1,322.98,100,0.25,97.9375,2.0625,0.0,0.0
mat,2,322.98,100,0.171875,67.875,0.875,0.0,0.0
mat,3,322.98,100,0.0,0.0,0.0,0.0,0.0
mat,0,323.48,100,0.25,97.6875,2.3125,0.0,0.0
mat,1,323.48,100,0.25,97.8125,2.1875,0.0,0.0
mat,2,323.48,100,0.0,0.0,0.0,0.0,0.0
mat,3,323.48,100,0.0,0.0,0.0,0.0,0.0
mat,0,323.98,100,0.25,97.75,2.25,0.0,0.0
mat,1,323.98,100,0.25,97.75,2.25,0.0,0.0
mat,2,323.98,100,0.0,0.0,0.0,0.0,0.0
mat,3,323.98,100,0.0,0.0,0.0,0.0,0.0
mat,0,324.48,100,0.25,97.4375,2.5625,0.0,0.0
mat,1,324.48,100,0.171875,67.75,1.0,0.0,0.0
mat,2,324.48,100,0.0,0.0,0.0,0.0,0.0
mat,3,324.48,100,0.0,0.0,0.0,0.0,0.0
tran,0,320.06,100,0.75,2.3125,97.6875,0.0,0.0
tran,1,320.06,100,0.5625,28.1875,71.8125,0.0,0.0
tran,2,320.06,100,0.5,47.25,52.75,0.0,0.0
tran,3,320.06,100,0.25,98.25,1.75,0.0,0.0
tran,0,320.56,100,0.75,1.8125,98.1875,0.0,0.0
tran,1,320.56,100,0.5,49.0625,50.9375,0.0,0.0
tran,2,320.56,100,0.5,49.125,50.875,0.0,0.0
tran,3,320.56,100,0.25,97.6875,2.3125,0.0,0.0
tran,0,321.06,100,0.6875,3.9375,96.0625,0.0,0.0
tran,1,321.06,100,0.5,49.5,50.5,0.0,0.0
tran,2,321.06,100,0.4375,66.875,33.125,0.0,0.0
tran,3,321.06,100,0.25,97.5,2.5,0.0,0.0
tran,0,321.56,100,0.5,48.4375,51.5625,0.0,0.0
tran,1,321.56,100,0.5,49.125,50.875,0.0,0.0
tran,2,321.56,100,0.3125,92.4375,7.5625,0.0,0.0
tran,3,321.56,100,0.25,97.4375,2.5625,0.0,0.0
tran,0,322.06,100,0.5,48.875,51.125,0.0,0.0
tran,1,322.06,100,0.5,49.125,50.875,0.0,0.0
tran,2,322.06,100,0.25,97.625,2.375,0.0,0.0
tran,3,322.06,100,0.25,97.5,2.5,0.0,0.0
tran,0,322.56,100,0.5,49.3125,50.6875,0.0,0.0
tran,1,322.56,100,0.5,48.3125,51.6875,0.0,0.0
tran,2,322.56,100,0.25,97.4375,2.5625,0.0,0.0
tran,3,322.56,100,0.25,98.3125,1.6875,0.0,0.0
tran,0,323.06,100,0.5,48.0,52.0,0.0,0.0
tran,1,323.06,100,0.5,47.4375,52.5625,0.0,0.0
tran,2,323.06,100,0.25,97.5625,2.4375,0.0,0.0
tran,3,323.06,100,0.25,97.1875,2.8125,0.0,0.0
tran,0,323.56,100,0.5,48.6875,51.3125,0.0,0.0
tran,1,323.56,100,0.4375,66.625,33.375,0.0,0.0
tran,2,323.56,100,0.25,97.4375,2.5625,0.0,0.0
tran,3,323.56,100,0.25,96.875,3.125,0.0,0.0
tran,0,324.06,100,0.5,47.0,53.0,0.0,0.0
tran,1,324.06,100,0.25,97.1875,2.8125,0.0,0.0
tran,2,324.06,100,0.25,97.6875,2.3125,0.0,0.0
tran,3,324.06,100,0.25,97.1875,2.8125,0.0,0.0
tran,0,324.56,100,0.4375,68.5625,31.4375,0.0,0.0
tran,1,324.56,100,0.25,97.1875,2.8125,0.0,0.0
tran,2,324.56,100,0.25,97.9375,2.0625,0.0,0.0
tran,3,324.56,100,0.0625,25.0,0.0,0.0,0.0
tran,0,325.06,100,0.3125,93.9375,6.0625,0.0,0.0
tran,1,325.06,100,0.25,97.9375,2.0625,0.0,0.0
tran,2,325.06,100,0.25,97.4375,2.5625,0.0,0.0
tran,3,325.06,100,0.0,0.0,0.0,0.0,0.0
tran,0,325.56,100,0.25,97.3125,2.6875,0.0,0.0
tran,1,325.56,100,0.25,97.4375,2.5625,0.0,0.0
tran,2,325.56,100,0.25,98.0625,1.9375,0.0,0.0
tran,3,325.56,100,0.0,0.0,0.0,0.0,0.0
tran,0,326.06,100,0.25,97.375,2.625,0.0,0.0
tran,1,326.06,100,0.25,97.625,2.375,0.0,0.0
tran,2,326.06,100,0.25,97.5,2.5,0.0,0.0
tran,3,326.06,100,0.0,0.0,0.0,0.0,0.0
tran,0,326.56,100,0.25,97.5625,2.4375,0.0,0.0
tran,1,326.56,100,0.25,97.6875,2.3125,0.0,0.0
tran,2,326.56,100,0.25,97.6875,2.3125,0.0,0.0
tran,3,326.56,100,0.0,0.0,0.0,0.0,0.0
tran,0,327.06,100,0.25,97.4375,2.5625,0.0,0.0
tran,1,327.06,100,0.25,97.625,2.375,0.0,0.0
tran,2,327.06,100,0.25,97.875,2.125,0.0,0.0
tran,3,327.06,100,0.0,0.0,0.0,0.0,0.0
tran,0,327.56,100,0.25,97.6875,2.3125,0.0,0.0
tran,1,327.56,100,0.25,97.5,2.5,0.0,0.0
tran,2,327.56,100,0.1875,75.0,0.0,0.0,0.0
tran,3,327.56,100,0.0,0.0,0.0,0.0,0.0
tran,0,328.06,100,0.25,98.25,1.75,0.0,0.0
tran,1,328.06,100,0.25,97.125,2.875,0.0,0.0
tran,2,328.06,100,0.0,0.0,0.0,0.0,0.0
tran,3,328.06,100,0.0,0.0,0.0,0.0,0.0
tran,0,328.56,100,0.25,97.0625,2.9375,0.0,0.0
tran,1,328.56,100,0.25,97.375,2.625,0.0,0.0
tran,2,328.56,100,0.0,0.0,0.0,0.0,0.0
tran,3,328.56,100,0.0,0.0,0.0,0.0,0.0
tran,0,329.06,100,0.25,97.375,2.625,0.0,0.0
tran,1,329.06,100,0.25,97.1875,2.8125,0.0,0.0
tran,2,329.06,100,0.0,0.0,0.0,0.0,0.0
tran,3,329.06,100,0.0,0.0,0.0,0.0,0.0
tran,0,329.56,100,0.25,98.0,2.0,0.0,0.0
tran,1,329.56,100,0.25,97.375,2.625,0.0,0.0
tran,2,329.56,100,0.0,0.0,0.0,0.0,0.0
tran,3,329.56,100,0.0,0.0,0.0,0.0,0.0
tran,0,330.06,100,0.25,97.9375,2.0625,0.0,0.0
tran,1,330.06,100,0.0625,25.0,0.0,0.0,0.0
tran,2,330.06,100,0.0,0.0,0.0,0.0,0.0
tran,3,330.06,100,0.0,0.0,0.0,0.0,0.0
unif,0,321.22,100,0.75,1.75,98.25,0.0,0.0
unif,1,321.22,100,0.5625,27.875,72.125,0.0,0.0
unif,2,321.22,100,0.5,48.625,51.375,0.0,0.0
unif,3,321.22,100,0.25,97.75,2.25,0.0,0.0
unif,0,321.72,100,0.75,2.4375,97.5625,0.0,0.0
unif,1,321.72,100,0.5,49.375,50.625,0.0,0.0
unif,2,321.72,100,0.5,47.8125,52.1875,0.0,0.0
unif,3,321.72,100,0.25,97.25,2.75,0.0,0.0
unif,0,322.22,100,0.6875,3.9375,96.0625,0.0,0.0
unif,1,322.22,100,0.5,48.3125,51.6875,0.0,0.0
unif,2,322.22,100,0.4375,66.125,33.875,0.0,0.0
unif,3,322.22,100,0.25,97.6875,2.3125,0.0,0.0
unif,0,322.72,100,0.5625,28.9375,71.0625,0.0,0.0
unif,1,322.72,100,0.5,48.1875,51.8125,0.0,0.0
unif,2,322.72,100,0.25,96.6875,3.3125,0.0,0.0
unif,3,322.72,100,0.25,97.375,2.625,0.0,0.0
unif,0,323.22,100,0.5,48.375,51.625,0.0,0.0
unif,1,323.22,100,0.5,47.9375,52.0625,0.0,0.0
unif,2,323.22,100,0.25,97.375,2.625,0.0,0.0
unif,3,323.22,100,0.25,98.125,1.875,0.0,0.0
unif,0,323.72,100,0.5,48.9375,51.0625,0.0,0.0
unif,1,323.72,100,0.5,48.4375,51.5625,0.0,0.0
unif,2,323.72,100,0.25,97.625,2.375,0.0,0.0
unif,3,323.72,100,0.25,97.625,2.375,0.0,0.0
unif,0,324.22,100,0.5,47.8125,52.1875,0.0,0.0
unif,1,324.22,100,0.5,49.3125,50.6875,0.0,0.0
unif,2,324.22,100,0.25,97.5625,2.4375,0.0,0.0
unif,3,324.22,100,0.25,97.0625,2.9375,0.0,0.0
unif,0,324.72,100,0.5,48.75,51.25,0.0,0.0
unif,1,324.72,100,0.4375,66.8125,33.1875,0.0,0.0
unif,2,324.72,100,0.25,97.6875,2.3125,0.0,0.0
unif,3,324.72,100,0.25,97.1875,2.8125,0.0,0.0
unif,0,325.22,100,0.5,48.625,51.375,0.0,0.0
unif,1,325.22,100,0.25,97.125,2.875,0.0,0.0
unif,2,325.22,100,0.25,97.875,2.125,0.0,0.0
unif,3,325.22,100,0.0625,25.0,0.0,0.0,0.0
unif,0,325.72,100,0.5,48.6875,51.3125,0.0,0.0
unif,1,325.72,100,0.25,97.5,2.5,0.0,0.0
unif,2,325.72,100,0.25,97.625,2.375,0.0,0.0
unif,3,325.72,100,0.0,0.0,0.0,0.0,0.0
unif,0,326.22,100,0.3125,92.5625,7.4375,0.0,0.0
unif,1,326.22,100,0.25,97.125,2.875,0.0,0.0
unif,2,326.22,100,0.25,97.5625,2.4375,0.0,0.0
unif,3,326.22,100,0.0,0.0,0.0,0.0,0.0
unif,0,326.72,100,0.25,97.4375,2.5625,0.0,0.0
unif,1,326.72,100,0.25,98.25,1.75,0.0,0.0
unif,2,326.72,100,0.25,97.875,2.125,0.0,0.0
unif,3,326.72,100,0.0,0.0,0.0,0.0,0.0
unif,0,327.22,100,0.25,97.6875,2.3125,0.0,0.0
unif,1,327.22,100,0.25,97.6875,2.3125,0.0,0.0
unif,2,327.22,100,0.25,98.0625,1.9375,0.0,0.0
unif,3,327.22,100,0.0,0.0,0.0,0.0,0.0
unif,0,327.72,100,0.25,97.625,2.375,0.0,0.0
unif,1,327.72,100,0.25,97.4375,2.5625,0.0,0.0
unif,2,327.72,100,0.25,97.6875,2.3125,0.0,0.0
unif,3,327.72,100,0.0,0.0,0.0,0.0,0.0
unif,0,328.22,100,0.25,97.375,2.625,0.0,0.0
unif,1,328.22,100,0.25,97.6875,2.3125,0.0,0.0
unif,2,328.22,100,0.25,97.6875,2.3125,0.0,0.0
unif,3,328.22,100,0.0,0.0,0.0,0.0,0.0
unif,0,328.72,100,0.25,97.5625,2.4375,0.0,0.0
unif,1,328.72,100,0.25,97.4375,2.5625,0.0,0.0
unif,2,328.72,100,0.0625,25.0,0.0,0.0,0.0
unif,3,328.72,100,0.0,0.0,0.0,0.0,0.0
unif,0,329.22,100,0.25,97.1875,2.8125,0.0,0.0
unif,1,329.22,100,0.25,97.5625,2.4375,0.0,0.0
unif,2,329.22,100,0.0,0.0,0.0,0.0,0.0
unif,3,329.22,100,0.0,0.0,0.0,0.0,0.0
unif,0,329.72,100,0.25,97.5625,2.4375,0.0,0.0
unif,1,329.72,100,0.25,97.4375,2.5625,0.0,0.0
unif,2,329.72,100,0.0,0.0,0.0,0.0,0.0
unif,3,329.72,100,0.0,0.0,0.0,0.0,0.0
unif,0,330.22,100,0.25,98.125,1.875,0.0,0.0
unif,1,330.22,100,0.25,97.25,2.75,0.0,0.0
unif,2,330.22,100,0.0,0.0,0.0,0.0,0.0
unif,3,330.22,100,0.0,0.0,0.0,0.0,0.0
unif,0,330.72,100,0.25,96.875,3.125,0.0,0.0
unif,1,330.72,100,0.25,97.0625,2.9375,0.0,0.0
unif,2,330.72,100,0.0,0.0,0.0,0.0,0.0
unif,3,330.72,100,0.0,0.0,0.0,0.0,0.0
unif,0,331.22,100,0.25,96.9375,3.0625,0.0,0.0
unif,1,331.22,100,0.0625,25.0,0.0,0.0,0.0
unif,2,331.22,100,0.0,0.0,0.0,0.0,0.0
unif,3,331.22,100,0.0,0.0,0.0,0.0,0.0
